[
    {"studentId":1,
    "name":"Eylül",
    "surname":"Arslan",
    "takenCourses":[3,2,5],
    "grades" : [[76, 91],[67,83],[35,64]]
    },
    {"studentId":2,
    "name":"Baran",
    "surname":"Isci",
    "takenCourses":[1,2,4,6],
    "grades" : [[76, 91],[67,83],[35,64],[93,65]]
    },
    {"studentId":3,
    "name":"Deniz",
    "surname":"Bilgin",
    "takenCourses":[3,6,2,1,4],
    "grades" : [[68, 69],[77, 88],[90, 75],[82, 94],[65, 78]]
    },
    {"studentId":4,
    "name":"Serdar",
    "surname":"Yıldız",
    "takenCourses":[2,4,1,3],
    "grades" : [[50, 65],[90, 78],[82, 93],[76, 90]]
    },
    {"studentId":5,
    "name":"İbrahim",
    "surname":"Güler",
    "takenCourses":[1,3,5,2,6],
    "grades" : [[73, 95],[60, 85],[78, 92],[88, 76],[95, 88]]
    },
    {"studentId":6,
    "name":"Gökay",
    "surname":"Baydemir",
    "takenCourses":[2,3,1,5],
    "grades" : [[44, 80],[75, 68],[95, 87],[81, 92]]
    },
    {"studentId":7,
    "name":"Erkin",
    "surname":"Alkan",
    "takenCourses":[4,6,3,2],
    "grades" : [[79, 92],[85, 77],[65, 88],[93, 90]]
    },
    {"studentId":8,
    "name":"İsa",
    "surname":"Öselmiş",
    "takenCourses":[1,5,2,4],
    "grades" : [[89, 69],[94, 88],[77, 90],[85, 78]]
    },
    {"studentId":9,
    "name":"Işıl",
    "surname":"Çolak",
    "takenCourses":[5,2,4,1],
    "grades" : [[86, 78],[92, 87],[65, 80],[88, 95]]
    },
    {"studentId":10,
    "name":"Sude Ebrar",
    "surname":"Çat",
    "takenCourses":[3,4,5,1,2],
    "grades" : [[73, 86],[77, 80],[91, 94],[75, 89],[68, 90]]
    },
    {"studentId":11,
    "name":"Özgenur",
    "surname":"Aslan",
    "takenCourses":[1,3,2,5],
    "grades" : [[44, 51],[65, 72],[88, 95],[80, 92]]
    },
    {"studentId":12,
    "name":"Yaren",
    "surname":"Bozkurt",
    "takenCourses":[2,4,5,1],
    "grades" : [[99, 91],[82, 74],[67, 89],[88, 75]]
    },
    {"studentId":13,
    "name":"Semih Serdar",
    "surname":"Şahin",
    "takenCourses":[3,1,2,4],
    "grades" : [[86, 76],[94, 81],[75, 92],[91, 88]]
    },
    {"studentId":14,
    "name":"Hasan",
    "surname":"Şahinoğlu",
    "takenCourses":[4,5,6,3],
    "grades" : [[95, 91],[63, 78],[87, 96],[68, 92]]
    },
    {"studentId":15,
    "name":"Yahya",
    "surname":"Çiftsüren",
    "takenCourses":[5,2,3,1],
    "grades" : [[60, 45],[82, 94],[76, 89],[90, 88]]
    },
    {"studentId":16,
    "name":"Sinan",
    "surname":"Kara",
    "takenCourses":[1,4,5,3],
    "grades" : [[61, 73],[67, 80],[95, 88],[78, 90]]
    },
    {"studentId":17,
    "name":"Beyza",
    "surname":"Evcen",
    "takenCourses":[2,3,4,6],
    "grades" : [[56, 82],[73, 91],[88, 75],[94, 88]]
    },
    {"studentId":18,
    "name":"Fatmatüzzehra",
    "surname":"Öztürk",
    "takenCourses":[4,1,5,2],
    "grades" : [[100, 55],[68, 74],[93, 89],[87, 92]]
    },
    {"studentId":19,
    "name":"Sevda",
    "surname":"Öztürk",
    "takenCourses":[2,1,3,6],
    "grades" : [[80, 78],[90, 85],[73, 96],[82, 88]]
    },
    {"studentId":20,
    "name":"Zeynep",
    "surname":"İşci",
    "takenCourses":[1,4,6,5],
    "grades" : [[99, 83],[76, 90],[88, 75],[95, 92]]
    },
    {"studentId":21,
    "name":"Zeynep",
    "surname":"Humaç",
    "takenCourses":[3,5,4,2],
    "grades" : [[41, 73],[85, 92],[76, 88],[90, 75]]
    },
    {"studentId":22,
    "name":"Aysu",
    "surname":"Akbaba",
    "takenCourses":[1,2,4,3],
    "grades" : [[73, 93],[70, 88],[82, 96],[95, 78]]
    },
    {"studentId":23,
    "name":"Umut Metin",
    "surname":"Yıldırım",
    "takenCourses":[5,3,6,2],
    "grades" : [[89, 76],[93, 82],[75, 90],[88, 94]]
    },
    {"studentId":24,
    "name":"Ali Ender",
    "surname":"Uluçınar",
    "takenCourses":[4,2,1,5],
    "grades" : [[98, 58],[79, 90],[85, 76],[92, 88]]
    },
    {"studentId":25,
    "name":"Sinan",
    "surname":"Öztürk",
    "takenCourses":[2,1,6,3],
    "grades" : [[96, 89],[68, 75],[91, 80],[82, 92]]
    },
    {"studentId":26,
    "name":"Serap",
    "surname":"Kızılgedik",
    "takenCourses":[3,5,6,4],
    "grades" : [[75, 63],[71, 88],[86, 92],[80, 91]]
    },
    {"studentId":27,
    "name":"Tuğce",
    "surname":"Doğru",
    "takenCourses":[1,4,3,2],
    "grades" : [[73, 63],[89, 80],[96, 75],[94, 88]]
    },
    {"studentId":28,
    "name":"Yaren",
    "surname":"Dağ",
    "takenCourses":[5,3,2,6],
    "grades" : [[94, 81],[85, 90],[79, 88],[91, 95]]
    },
    {"studentId":29,
    "name":"Ece",
    "surname":"Büyük",
    "takenCourses":[6,4,1,3],
    "grades" : [[81, 45],[97, 80],[88, 92],[92, 89]]
    },
    {"studentId":30,
    "name":"Emine",
    "surname":"Gümüş",
    "takenCourses":[2,3,6,1],
    "grades" : [[64, 78],[73, 85],[90, 92],[86, 90]]
    },
    {"studentId":31,
    "name":"Furkan",
    "surname":"Ateş",
    "takenCourses":[3, 5, 2, 1, 4],
    "grades" : [[59, 76],[95, 83],[88, 72],[77, 84],[91, 89]]
    },
    {"studentId":32,
    "name":"Cem",
    "surname":"İlter",
    "takenCourses":[6, 1, 3, 2, 5],
    "grades" : [[76, 96],[65, 78],[92, 89],[80, 86],[75, 91]]
    },
    {"studentId":33,
    "name":"Muhammed Emin",
    "surname":"İnce",
    "takenCourses":[2, 4, 6, 3, 1],
    "grades" : [[57, 68],[70, 82],[79, 88],[92, 96],[84, 91]]
    },
    {"studentId":34,
    "name":"Gülfidan",
    "surname":"Gündoğan",
    "takenCourses":[5, 2, 1, 3, 4],
    "grades" : [[87, 66],[78, 84],[92, 89],[65, 72],[88, 91]]
    },
    {"studentId":35,
    "name":"Ceren",
    "surname":"Doğan",
    "takenCourses":[4, 6, 3, 5, 2],
    "grades" : [[81, 64],[86, 80],[78, 92],[90, 68],[75, 89]]
    },
    {"studentId":36,
    "name":"Mira",
    "surname":"Beylice",
    "takenCourses":[2, 1, 4, 6, 3],
    "grades" : [[94, 86],[91, 75],[80, 92],[78, 83],[92, 89]]
    },
    {"studentId":37,
    "name":"Yaman",
    "surname":"Koper",
    "takenCourses":[5, 3, 1, 2, 4],
    "grades" : [[69, 57],[85, 82],[78, 92],[96, 68],[70, 89]]
    },
    {"studentId":38,
    "name":"Mert Asım",
    "surname":"Serez",
    "takenCourses":[1, 4, 6, 3, 5],
    "grades" : [[66, 63],[92, 88],[79, 92],[68, 83],[85, 89]]
    },
    {"studentId":39,
    "name":"Selim",
    "surname":"Serez",
    "takenCourses":[6, 2, 5, 1, 3],
    "grades" : [[46, 78],[83, 90],[92, 89],[70, 84],[88, 91]]
    },
    {"studentId":40,
    "name":"Ender",
    "surname":"Serez",
    "takenCourses":[4, 6, 3, 1, 2],
    "grades" : [[76, 83],[80, 85],[92, 89],[68, 74],[91, 89]]
    },
    {"studentId":41,
    "name":"Tuğçe",
    "surname":"Buluter",
    "takenCourses":[5, 2, 1, 3, 4],
    "grades" : [[97, 91],[75, 82],[88, 92],[90, 68],[79, 89]]
    },
    {"studentId":42,
    "name":"Eylül",
    "surname":"Kaya",
    "takenCourses":[1, 6, 3, 4, 5],
    "grades" : [[94, 100],[78, 86],[92, 89],[91, 68],[75, 89]]
    },
    {"studentId":43,
    "name":"Furkan",
    "surname":"Arslan",
    "takenCourses":[2, 1, 5, 6, 4],
    "grades" : [[92, 99],[68, 76],[89, 92],[80, 86],[95, 91]]
    },
    {"studentId":44,
    "name":"Ayşegül",
    "surname":"Bozok",
    "takenCourses":[3, 2, 1, 6, 4],
    "grades" : [[79, 88],[76, 91],[92, 89],[70, 84],[85, 91]]
    },
    {"studentId":45,
    "name":"Aslı",
    "surname":"Kurt",
    "takenCourses":[1, 4, 6, 3, 5],
    "grades" : [[68, 72],[82, 89],[92, 89],[68, 74],[91, 89]]
    },
    {"studentId":46,
    "name":"Ali",
    "surname":"Kaya",
    "takenCourses":[5, 2, 1, 3, 4],
    "grades" : [[90, 78],[74, 86],[88, 92],[68, 74],[91, 89]]
    },
    {"studentId":47,
    "name":"Ayşe",
    "surname":"Türkmen",
    "takenCourses":[4, 6, 3, 1, 2],
    "grades" : [[82, 76],[88, 85],[92, 89],[68, 74],[91, 89]]
    },
    {"studentId":48,
    "name":"Mehmet",
    "surname":"Yılmaz",
    "takenCourses":[1, 4, 6, 3, 5],
    "grades" : [[76, 78],[90, 85],[92, 89],[68, 74],[91, 89]]
    },
    {"studentId":49,
    "name":"Fatma",
    "surname":"Güzel",
    "takenCourses":[3, 5, 2, 1, 4],
    "grades" : [[92, 88],[68, 86],[79, 92],[68, 74],[91, 89]]
    },
    {"studentId":50,
    "name":"Ahmet",
    "surname":"Çelik",
    "takenCourses":[6, 1, 2, 3, 4],
    "grades" : [[74, 79],[68, 85],[92, 89],[68, 74],[91, 89]]
    },
    {"studentId":51,
    "name":"Zeynep",
    "surname":"Uysal",
    "takenCourses":[5, 4, 2, 1, 3],
    "grades" : [[68, 78],[80, 85],[92, 89],[68, 74],[91, 89]]
    },
    {"studentId":52,
    "name":"Berk",
    "surname":"Göktürk",
    "takenCourses":[2, 6, 3, 4, 5],
    "grades" : [[92, 91],[68, 85],[79, 92],[68, 74],[91, 89]]
    },
    {"studentId":53,
    "name":"Esra",
    "surname":"Aksu",
    "takenCourses":[2, 1, 5, 6, 4],
    "grades" : [[80, 88],[68, 81],[89, 92],[80, 86],[95, 91]]
    },
    {"studentId":54,
    "name":"Bora",
    "surname":"Arıkan",
    "takenCourses":[3, 2, 1, 6, 4],
    "grades" : [[76, 88],[70, 91],[92, 89],[70, 84],[85, 91]]
    },
    {"studentId":55,
    "name":"Aylin",
    "surname":"Kara",
    "takenCourses":[1, 4, 6, 3, 5],
    "grades" : [[88, 88],[76, 89],[92, 89],[68, 74],[91, 89]]
    },
    {"studentId":56,
    "name":"Burak",
    "surname":"Erdem",
    "takenCourses":[5, 2, 1, 3, 4],
    "grades" : [[78, 88],[68, 86],[79, 92],[68, 74],[91, 89]]
    },
    {"studentId":57,
    "name":"Cem",
    "surname":"Kılıç",
    "takenCourses":[4, 6, 3, 1, 2],
    "grades" : [[88, 78],[85, 85],[92, 89],[68, 74],[91, 89]]
    },
    {"studentId":58,
    "name":"Ceren",
    "surname":"Gönen",
    "takenCourses":[1, 4, 6, 3, 5],
    "grades" : [[90, 78],[82, 85],[92, 89],[68, 74],[91, 89]]
    },
    {"studentId":59,
    "name":"Zeynep",
    "surname":"Yıldız",
    "takenCourses":[2, 4, 1],
    "grades" : [[60, 75],[80, 92],[92, 88]]
    },
    {"studentId":60,
    "name":"Efe",
    "surname":"Demir",
    "takenCourses":[1, 5, 3],
    "grades" : [[78, 83],[96, 79],[85, 90]]
    },
    {"studentId":61,
    "name":"Büşra",
    "surname":"Kara",
    "takenCourses":[3, 6, 2],
    "grades" : [[65, 78],[90, 92],[82, 89]]
    },
    {"studentId":62,
    "name":"Berkay",
    "surname":"Arslan",
    "takenCourses":[1, 4, 6],
    "grades" : [[75, 80],[88, 92],[78, 85]]
    },
    {"studentId":63,
    "name":"Nazlı",
    "surname":"Gürsoy",
    "takenCourses":[6, 2, 4],
    "grades" : [[88, 70],[60, 78],[90, 92]]
    },
    {"studentId":64,
    "name":"Arda",
    "surname":"Yılmaz",
    "takenCourses":[1, 3, 5],
    "grades" : [[92, 88],[75, 79],[85, 90]]
    },
    {"studentId":65,
    "name":"Rabia",
    "surname":"Çelik",
    "takenCourses":[2, 5, 6],
    "grades" : [[78, 83],[96, 79],[92, 88]]
    },
    {"studentId":66,
    "name":"Caner",
    "surname":"Aydın",
    "takenCourses":[3, 6, 4],
    "grades" : [[90, 92],[82, 89],[78, 85]]
    },
    {"studentId":67,
    "name":"Zehra",
    "surname":"Koç",
    "takenCourses":[5, 2, 1],
    "grades" : [[60, 75],[80, 92],[92, 88]]
    },
    {"studentId":68,
    "name":"Oğuz",
    "surname":"Güneş",
    "takenCourses":[4, 1, 3],
    "grades" : [[78, 83],[96, 79],[85, 90]]
    },
    {"studentId":69,
    "name":"İpek",
    "surname":"Yıldırım",
    "takenCourses":[6, 2, 4],
    "grades" : [[75, 80],[88, 92],[78, 85]]
    },
    {"studentId":70,
    "name":"Emre",
    "surname":"Kurt",
    "takenCourses":[1, 3, 5],
    "grades" : [[88, 70],[60, 78],[90, 92]]
    },
    {"studentId":71,
    "name":"Zara",
    "surname":"Türk",
    "takenCourses":[2, 5, 6],
    "grades" : [[92, 88],[75, 79],[85, 90]]
    },
    {"studentId":72,
    "name":"Ahmet",
    "surname":"Taş",
    "takenCourses":[3, 6, 4],
    "grades" : [[78, 83],[96, 79],[92, 88]]
    },
    {"studentId":73,
    "name":"Yasmin",
    "surname":"Aksoy",
    "takenCourses":[5, 2, 1],
    "grades" : [[60, 75],[80, 92],[92, 88]]
    },
    {"studentId":74,
    "name":"Yunus",
    "surname":"Kaya",
    "takenCourses":[4, 1, 3],
    "grades" : [[78, 83],[96, 79],[85, 90]]
    },
    {"studentId":75,
    "name":"Elif",
    "surname":"Yılmaz",
    "takenCourses":[6, 2, 4],
    "grades" : [[75, 80],[88, 92],[78, 85]]
    },
    {"studentId":76,
    "name":"Kaan",
    "surname":"Güzel",
    "takenCourses":[1, 3, 5],
    "grades" : [[88, 70],[60, 78],[90, 92]]
    },
    {"studentId":77,
    "name":"Ayşe",
    "surname":"Göçer",
    "takenCourses":[2, 5, 6],
    "grades" : [[92, 88],[75, 79],[85, 90]]
    },
    {"studentId":78,
    "name":"Cemal",
    "surname":"Gün",
    "takenCourses":[3, 6, 4],
    "grades" : [[78, 83],[96, 79],[92, 88]]
    },
    {"studentId":79,
    "name":"Büşra",
    "surname":"Turan",
    "takenCourses":[5, 2, 1],
    "grades" : [[60, 75],[80, 92],[92, 88]]
    },
    {"studentId":80,
    "name":"Kerem",
    "surname":"Gök",
    "takenCourses":[4, 1, 3],
    "grades" : [[78, 83],[96, 79],[85, 90]]
    }
]